profile,profile_id,topic,number,section,label,url,status_original,source_status,retrieval_default
Kejarkedinasan,01-kejarkedinasan,kedinasan,1,,Nilai Ambang Batas SKD Seleksi Sekdin 2026,https://drive.google.com/file/d/1FfCleEjYDP8CiSWgJho-6YgBLTbmfeeP/view?usp=drive_link,Terekstrak,verified_extracted,true
Kejarkedinasan,01-kejarkedinasan,kedinasan,2,,Permenpan RB Nomor 13 Tahun 2026 tentang Penerimaan Peserta Didik Sekolah Kedinasan,https://jdih.menpan.go.id/dokumen-hukum/peraturan-menteri-pendayagunaan-aparatur-negara-dan-reformasi-birokrasi-nomor-13-tahun-2026-tentang-2117,Terekstrak,verified_extracted,true
Kejarkedinasan,01-kejarkedinasan,kedinasan,3,,Formasi Sekolah Kedinasan 2026,https://www.menpan.go.id/site/berita-terkini/pemerintah-siapkan-4-770-kebutuhan-cpns-sekolah-kedinasan-2026,Terekstrak,verified_extracted,true
Kejarkedinasan,01-kejarkedinasan,kedinasan,4,,Jadwal Penerimaan Peserta Didik Sekolah Kedinasan 2026,https://drive.google.com/file/d/1V7pMN52Hwn98iiiGtdgctSX8XycdqOfx/view?usp=drivesdk,Terekstrak,verified_extracted,true
Kejarkedinasan,01-kejarkedinasan,kedinasan,5,Pendaftaran Sekolah Kedinasan 2026,SSCASN - Pendaftaran Sekolah Kedinasan 2026,https://sscasn.bkn.go.id/,Terekstrak,verified_extracted,true
Kejarkedinasan,01-kejarkedinasan,kedinasan,6,Pendaftaran Sekolah Kedinasan 2026,Buku Panduan - Pendaftaran Akun SSCASN 2026,https://drive.google.com/file/d/1ADL87aHE2f-oLjwhrGfQdhQvtrTwjWlH/view?usp=drive_link,Terekstrak,verified_extracted,true
Kejarkedinasan,01-kejarkedinasan,kedinasan,7,Pendaftaran Sekolah Kedinasan 2026,Tata Cara Pembayaran Seleksi Sekolah Kedinasan - SSCASN BKN,https://sscasn.bkn.go.id/tata-cara-pembayaran,Terekstrak,verified_extracted,true
Kejarkedinasan,01-kejarkedinasan,kedinasan,8,Pendaftaran Sekolah Kedinasan 2026,Pengumuman Jadwal SKD Seleksi Sekolah Kedinasan 2026,https://drive.google.com/drive/folders/1Gnqgtsl0J50gwv3nKEY-1PXon5q4vTta?usp=drive_link,Dicatat saja — interactive/app/folder/contact resource; URL captured without downloading,listed_only,false
Kejarkedinasan,01-kejarkedinasan,kedinasan,9,Info STAN 2026,STAN 2026,https://drive.google.com/file/d/1VLxbuMVohAbuUXv8yasYMfDz2-ERG0fo/view?usp=drive_link,Terekstrak,verified_extracted,true
Kejarkedinasan,01-kejarkedinasan,kedinasan,10,Info STAN 2026,FAQ STAN 2026,https://klc2.kemenkeu.go.id/kms/faq/pertanyaan-yang-sering-diajukan-faq-terkait-spmb-pm-pkn-stan-tahun-2026-e12ecbee/detail,Tidak ditemukan saat dibuka ulang — URL mengarah ke halaman utama FAQ KLC,not_found,false
Kejarkedinasan,01-kejarkedinasan,kedinasan,11,Info STAN 2026,[Template] Surat Pernyataan STAN 2026,https://docs.google.com/document/d/1uMlkaojJz-Nmul3sygE1vvs0VnoulGVb/edit?usp=drive_link&ouid=107529673665976905136&rtpof=true&sd=true,Terekstrak,verified_extracted,true
Kejarkedinasan,01-kejarkedinasan,kedinasan,12,Info STAN 2026,Contoh Surat Pernyataan STAN 2026 yang Sudah Terisi,https://drive.google.com/file/d/1o3cLgzDOr1LONaqCXBHXjjcKt8r6OfRE/view?usp=drive_link,Terekstrak,verified_extracted,true
Kejarkedinasan,01-kejarkedinasan,kedinasan,13,Info STIS 2026,STIS 2026,https://drive.google.com/file/d/1gep4uocrbolorG62Dpk6sKkmRGyvHXQc/view?usp=drivesdk,Terekstrak,verified_extracted,true
Kejarkedinasan,01-kejarkedinasan,kedinasan,14,Info STMKG 2026,STMKG 2026,https://drive.google.com/file/d/1qa0wksPonIiwHAYOU57DDkS4-YbSnCHM/view?usp=drivesdk,Terekstrak,verified_extracted,true
Kejarkedinasan,01-kejarkedinasan,kedinasan,15,Info Kemenhub 2026,[Formasi] Kemenhub 2026,https://drive.google.com/file/d/1ct95H9Jh_Aq0pVDX-DdSK9trwhFDlDVr/view?usp=drivesdk,Terekstrak,verified_extracted,true
Kejarkedinasan,01-kejarkedinasan,kedinasan,16,Info Kemenhub 2026,[Ringkasan Info] Kemenhub 2026,https://drive.google.com/file/d/1nOdi__5wkG6g6S_0_ig9z02FBjUbTRfs/view?usp=drivesdk,Terekstrak,verified_extracted,true
Kejarkedinasan,01-kejarkedinasan,kedinasan,17,Info IPDN 2026,[Jadwal] IPDN 2026,https://drive.google.com/file/d/1p2l1IGpKzJXuqUYhDRtTMZkaVC1ZogAb/view?usp=drivesdk,Terekstrak,verified_extracted,true
Kejarkedinasan,01-kejarkedinasan,kedinasan,18,Info IPDN 2026,[Juknis] IPDN 2026,https://drive.google.com/file/d/1y0LV7N0ivBQJpYreu9DIvWecLKQVDIyK/view?usp=drivesdk,"Berhasil dibuka via browser; PDF 154 halaman, belum ditranskripsi penuh",opened_partial,false
Kejarkedinasan,01-kejarkedinasan,kedinasan,19,Info IPDN 2026,Pakta Integritas SPCP IPDN 2026,https://drive.google.com/file/d/1qVcX55aIJdLMkVjaSDK4nLPFFQdgCOok/view?usp=drive_link,Terekstrak,verified_extracted,true
Kejarkedinasan,01-kejarkedinasan,kedinasan,20,Info IPDN 2026,Format Surat Keterangan OAP,https://drive.google.com/file/d/1OgnMaLcyq_WbHQTaeoVDBc_omvApn3Z-/view?usp=sharing,Terekstrak,verified_extracted,true
Kejarkedinasan,01-kejarkedinasan,kedinasan,21,Info Poltekpin 2026,Poltekpin 2026,https://drive.google.com/file/d/1aXcxTAMkSWjkgr0pA9ot_g7B_gL1dAAA/view?usp=drivesdk,Terekstrak,verified_extracted,true
Kejarkedinasan,01-kejarkedinasan,kedinasan,22,Info Poltek Imipas 2026,Poltek Imipas 2026,https://drive.google.com/file/d/14r4KEtHcWQPkPoV2XGbFcc8K7ZW8wwI4/view?usp=drivesdk,Terekstrak,verified_extracted,true
Kejarkedinasan,01-kejarkedinasan,kedinasan,23,Info STIN 2026,STIN 2026,https://drive.google.com/file/d/1GgZmQAj47WY8JasotwYOV_UsXsvEeFeQ/view?usp=drivesdk,Terekstrak,verified_extracted,true
Kejarkedinasan,01-kejarkedinasan,kedinasan,24,Info Poltek SSN 2026,Poltek SSN 2026,https://drive.google.com/file/d/1snBrMacXqd7ZHzdUjNyu5pRGXCiBClFS/view?usp=drivesdk,Terekstrak,verified_extracted,true
Kejarkedinasan,01-kejarkedinasan,kedinasan,25,Info Poltek SSN 2026,Catatan Seputar Kedinasan,https://docs.google.com/spreadsheets/d/1UUi_y2CldiNBG2-5gZin2KCOmrh64N9dPz9RA3SXrd4/edit?gid=908457166#gid=908457166,"Berhasil dibuka via browser read-only; 4 tab terlihat, isi dibaca lewat screenshot",opened_partial,false
Pejuang Kampus Impian,02-pejuang-kampus-impian,kampus,1,Info Prodi dan Perguruan Tinggi,[Ruangguru] Info Perguruan Tinggi & Jurusan,https://app.ruangguru.com/kampus,Dicatat saja — interactive/app/folder/contact resource; URL captured without downloading,listed_only,false
Pejuang Kampus Impian,02-pejuang-kampus-impian,kampus,2,Info Prodi dan Perguruan Tinggi,[NEW] Data Jalur Mandiri 2026,https://docs.google.com/spreadsheets/d/1FpjdOHVsJRqTMTqFnrRtb84epu_YMk_0reg0SrR4xVA/edit?usp=sharing,"Berhasil dibuka via browser read-only; 6 tab terlihat, isi dibaca lewat screenshot",opened_partial,false
Pejuang Kampus Impian,02-pejuang-kampus-impian,kampus,3,Info SNBT,Panduan Pendaftaran SNBT 2026,https://files.snpmb.id/web2026/Panduan%20Pendaftaran%20UTBK%20SNBT%202026.pdf,Terekstrak,verified_extracted,true
Pejuang Kampus Impian,02-pejuang-kampus-impian,kampus,4,Info SNBT,Kota UTBK Pilihan Peserta SNBT 2026,https://snpmb.id/utbk-snbt/kota-utbk-pilihan-peserta,Terekstrak,verified_extracted,true
Pejuang Kampus Impian,02-pejuang-kampus-impian,kampus,5,Info SNBT,Statistik Nilai UTBK,https://docs.google.com/presentation/d/1aNdr7otwMD_2GlPBLh6kWCcWxOEO7isVtcMRvTMzU0c/edit#slide=id.g266c712aeeb_0_0,"Berhasil dibuka via browser read-only; 32 slide, belum ditranskripsi seluruh tabel",opened_partial,false
Pejuang Kampus Impian,02-pejuang-kampus-impian,kampus,6,Info SNBT,Ketentuan SNBT 2025,https://drive.google.com/file/d/1Zd03J78KRU7P5DVNlT-KvcxwVMXNSHkL/view,Terekstrak,verified_extracted,true
Pejuang Kampus Impian,02-pejuang-kampus-impian,kampus,7,Info SNBT,Kepmen 102/M/2025 tentang Mata Pelajaran Pendukung Program Studi,https://pusmendik.kemdikbud.go.id/pdf/file-179,"Tidak berhasil diunduh — error ConnectionError: HTTPSConnectionPool(host='pusmendik.kemdikbud.go.id', port=443): Max retries exceeded with url: /pdf/file-179 (Caused by NameResolutionError(""HTTPSConnection(host='pusmendik.kemdikbud.go.id', port=443): Failed to resolve 'pusmendik.kemdikbud.go.id' ([Errno 8] nodename nor servname provided, or not known)""))",unfetched_error,false
Pejuang Kampus Impian,02-pejuang-kampus-impian,kampus,8,Daya Tampung 2026,Daya Tampung SNBP 2026,https://sidatagrun-public-1076756628210.asia-southeast2.run.app/ptn_sn.php,Terekstrak,verified_extracted,true
Pejuang Kampus Impian,02-pejuang-kampus-impian,kampus,9,Daya Tampung 2026,Daya Tampung SNBT 2026,https://sidatagrun-public-1076756628210.asia-southeast2.run.app/ptn_sb.php,Terekstrak,verified_extracted,true
Pejuang Kampus Impian,02-pejuang-kampus-impian,kampus,10,Info SNPMB,Informasi SNPMB 2026,https://files.snpmb.id/web2026/Paparan%20Informasi%20SNPMB%202026%20untuk%20Peluncuran.pdf,Terekstrak,verified_extracted,true
Pejuang Kampus Impian,02-pejuang-kampus-impian,kampus,11,Info SNPMB,Panduan Registrasi Akun SNPMB Siswa,https://drive.google.com/file/d/1NIf68YaWfau6PsAK0ahaTmHA7Xex1bD4/view,Terekstrak,verified_extracted,true
Pejuang Kampus Impian,02-pejuang-kampus-impian,kampus,12,Info SNPMB,Panduan Verifikasi Akun SNPMB Siswa,https://drive.google.com/file/d/1RdNGvtQPTpSUC_Gi29zs9grgcsaz7wYn/view,Terekstrak,verified_extracted,true
Pejuang Kampus Impian,02-pejuang-kampus-impian,kampus,13,Info SNPMB,Laman Resmi SNPMB BP3,https://snpmb.id/,Terekstrak,verified_extracted,true
Pejuang Kampus Impian,02-pejuang-kampus-impian,kampus,14,Portofolio Bidang Seni dan Olahraga,Panduan Umum Portofolio Seni dan Olahraga 2026,https://files.snpmb.id/panduan-2026/PANDUAN%20UMUM%20PORTO%202026%20(09012026).pdf,Terekstrak,verified_extracted,true
Pejuang Kampus Impian,02-pejuang-kampus-impian,kampus,15,Portofolio Bidang Seni dan Olahraga,Panduan dan Instruksi Kerja Tiap Portofolio Tahun 2026,https://drive.google.com/drive/folders/1OX2dyCXBKTCy1OSU9eROe6iBXrPHyZGa?usp=drive_link,Dicatat saja — interactive/app/folder/contact resource; URL captured without downloading,listed_only,false
Pejuang Kampus Impian,02-pejuang-kampus-impian,kampus,16,Info SNBP,Panduan Pendaftaran SNBP 2026,https://files.snpmb.id/web2026/Panduan%20Pendaftaran%20SNBP%202026.pdf,Terekstrak,verified_extracted,true
Pejuang Kampus Impian,02-pejuang-kampus-impian,kampus,17,Info SNBP,Panduan Ketentuan Sertifikat di SNBP,https://docs.google.com/presentation/d/1v1d9qY1KmhoBsvMsYcCdZzud1K0NDKPQxnJykB7bNcA/edit?usp=sharing,"Berhasil dibuka via browser read-only; 26 slide, teks terbaca",opened_partial,false
Pejuang Kampus Impian,02-pejuang-kampus-impian,kampus,18,Info SNBP,Kepmen 345/M/2022 tentang Mata Pelajaran Pendukung Program Studi,https://jdih.kemendikdasmen.go.id/sjdih/siperpu/dokumen/salinan/salinan_20220907_170713_Kepmen%20345M2022%20Mapel%20Pendukung%20Prodi%20FIX.pdf,Tidak berhasil diunduh — HTTP 404,unfetched_error,false
Pejuang Kampus Impian,02-pejuang-kampus-impian,kampus,19,Info SNBP,Sosialisasi PDSS 2026,https://files.snpmb.id/web2026/Sosialisasi%20PDSS%202026.pdf,Terekstrak,verified_extracted,true
Pejuang Kampus Impian,02-pejuang-kampus-impian,kampus,20,Info SNBP,Ketentuan SNBP 2025,https://drive.google.com/file/d/1BuQZOX2RPmwI2AqCuQ4i4v_6hUICvVVN/view,Terekstrak,verified_extracted,true
Pejuang Kampus Impian,02-pejuang-kampus-impian,kampus,21,Fasilitas Pendukung,Rasionalisasi SNBP Ruangguru,https://www.ruangguru.com/rasionalisasi,Terekstrak,verified_extracted,true
Pendekar TKA,03-pendekar-tka,tka,1,TKA - SMA,TKA - Pusat Assesment Pendidikan :: Kementerian Pendidikan Dasar dan Menengah,https://pusmendik.kemendikdasmen.go.id/tka/tka/view/mata-pelajaran-wajib/sma,Terekstrak,verified_extracted,true
Pendekar TKA,03-pendekar-tka,tka,2,TKA - SMA,[NEW] Tanya Jawab Seputar TKA - Versi 2 (Mekanisme pendaftaran dan mapel pilihan),https://drive.google.com/file/d/10hhW9vvOh3VVUJasThCtB9uvOKltmaEL/view?usp=drive_link,"Berhasil dibuka via browser; PDF 15 halaman, teks terbaca",opened_partial,false
Pendekar TKA,03-pendekar-tka,tka,3,TKA - SMA,1274_Kepmendikdasmen Nomor 102_M_2025_Mata Pelajaran Pendukung Program Studi dalam SNBP.pdf,https://drive.google.com/file/d/14ol0gCkEtnDVG4I65ff-JkWz4P9Qjuih/view?usp=drivesdk,Terekstrak,verified_extracted,true
Pendekar TKA,03-pendekar-tka,tka,4,TKA - SMA,"1329_Perka BSKAP 45-H-AN-2025 tentang Kerangka Asesmen Tes Kemampuan Akademik Jenjang SMA, MA sederajat dan SMK, MAK.pdf",https://drive.google.com/file/d/1H_eeQB405z384VV-LojQrS1p6nGo6_M4/view?usp=drivesdk,Terekstrak,verified_extracted,true
Pendekar TKA,03-pendekar-tka,tka,5,TKA - SMA,Ayo Coba TKA | Pilih Mata Pelajaran,https://pusmendik.kemendikdasmen.go.id/tka/simulasi_tka,Terekstrak,verified_extracted,true
Pendekar TKA,03-pendekar-tka,tka,6,TKA - SD dan SMP,Materi Webinar - Ayo Coba TKA SMP,https://drive.google.com/file/d/1S1_60scVB-pJCXoe2Jn9mbrrCHNpf05W/view?usp=sharing,Terekstrak,verified_extracted,true
Pendekar TKA,03-pendekar-tka,tka,7,TKA - SD dan SMP,6023_Salinan Perkaban Nomor 47 Tahun 2025 tentang Kerangka Asesmen TKA_SD_MI dan SMP_MTs.pdf,https://drive.google.com/file/d/1D3cGbI2qN4QBdZ4WDTedjFtn_33sPoAn/view?usp=drivesdk,Terekstrak,verified_extracted,true
Pendekar TKA,03-pendekar-tka,tka,8,Kebijakan TKA,Kebijakan Tes Kemampuan Akademik (TKA),https://drive.google.com/file/d/1UMaZ0wANPkOFHvFLBo8F41CXErOr232j/view?usp=sharing,"Berhasil dibuka via browser; PDF 14 halaman, teks terbaca",opened_partial,false
Pendekar TKA,03-pendekar-tka,tka,9,Kebijakan TKA,Peraturan Menteri No 9 Tahun 2025 tentang TKA,https://jdih.kemendikdasmen.go.id/sjdih/siperpu/dokumen/salinan/Salinan%20Permendikdasmen%20Nomor%209%20Tahun%202025%20tentang%20Tes%20Kemampuan%20Akademik%20(JDIH)%20(1).pdf,Tidak berhasil diunduh — HTTP 404,unfetched_error,false
Pendekar TKA,03-pendekar-tka,tka,10,Kebijakan TKA,Tanya Jawab Seputar TKA,https://repositori.kemendikdasmen.go.id/33126/1/Tanya%20Jawab%20TKA.pdf,Terekstrak,verified_extracted,true
Pendekar TKA,03-pendekar-tka,tka,11,Kebijakan TKA,Pedoman Penyelenggaraan TKA,https://jdih.kemendikdasmen.go.id/sjdih/siperpu/dokumen/salinan/Kepmendikdasmen_No_95_M_2025_tentang_Pedoman_Penyelenggaraan_Tes_Kemampuan_Akademik.pdf,Tidak berhasil diunduh — HTTP 404,unfetched_error,false
BAC 12 SMA,04-bac-12-sma,brain-academy-center,1,,🗓️ Kalender Pendidikan Brain Academy Center Tahun Ajaran 2026/2027,https://drive.google.com/drive/folders/1pang2M8-spPfc0B9iISFG5mV5rjA-fOc,Dicatat saja — interactive/app/folder/contact resource; URL captured without downloading,listed_only,false
BAC 12 SMA,04-bac-12-sma,brain-academy-center,2,,[BAC] Handbook 12 SMA dan UTBK,https://drive.google.com/file/d/1kMGuCRU7ArUeqsoHm-vMQShCTORlUhRs/view?usp=drive_link,"Berhasil dibuka via browser; PDF 23 halaman, teks terbaca",opened_partial,false
BAC 12 SMA,04-bac-12-sma,brain-academy-center,3,,🧾Fasilitas Brain Academy Center AY 26/27,https://docs.google.com/presentation/d/1o7UkCz1D-9vg6OjITY32iTug5En2V2jXJAyZcrYC_Xk/edit?usp=sharing,"Berhasil dibuka via browser read-only; 26 slide, teks terbaca",opened_partial,false
BAC 12 SMA,04-bac-12-sma,brain-academy-center,4,,📭Panduan Akses - Izin Tidak Hadir Sesi,https://drive.google.com/file/d/1jiyxjP4X1lzgwDe5e_olkWAlLipzlsV8/view?usp=sharing,Terekstrak,verified_extracted,true
BAC 12 SMA,04-bac-12-sma,brain-academy-center,5,,📋Panduan Akses Tes Minat Bakat - Penjurusan Kuliah,https://docs.google.com/presentation/d/1PwzTfJdb-aU0DY313kyaCSRrD0gcmFx6lvsI8UvOqPM/edit?slide=id.g3f5039d2e72_0_0#slide=id.g3f5039d2e72_0_0,"Berhasil dibuka via browser read-only; 6 slide, teks terbaca",opened_partial,false
BAC 12 SMA,04-bac-12-sma,brain-academy-center,6,,📋Panduan Akses Tryout UTBK Onsite,https://docs.google.com/presentation/d/1wBpzTq37SA4SA_oLq7BP9yIfv882EeBtlgxrBvsU14c/edit?usp=sharing,"Berhasil dibuka via browser read-only; 14 slide, teks terbaca",opened_partial,false
BAC 12 SMA,04-bac-12-sma,brain-academy-center,7,,📖 Informasi Seleksi Masuk Perguruan Tinggi,https://linktr.ee/pejuangkampusimpian,Terekstrak,verified_extracted,true
BAC 12 SMA,04-bac-12-sma,brain-academy-center,8,,📖 Informasi Tes Kemampuan Akademik (TKA),https://linktr.ee/pendekartka,Terekstrak,verified_extracted,true
BAC 12 SMA,04-bac-12-sma,brain-academy-center,9,Link Aplikasi Belajar Brain Academy,📱 SLMS Brain Academy,https://app.brainacademy.id,Dicatat saja — interactive/app/folder/contact resource; URL captured without downloading,listed_only,false
BAC 12 SMA,04-bac-12-sma,brain-academy-center,10,Link Aplikasi Belajar Brain Academy,💪🏻 [Drill Soal] Asah Pengetahuan Kamu dengan Latihan Soal,https://app.ruangguru.com/drill-soal,Dicatat saja — interactive/app/folder/contact resource; URL captured without downloading,listed_only,false
BAC 12 SMA,04-bac-12-sma,brain-academy-center,11,Link Aplikasi Belajar Brain Academy,💪🏻 [Bank Soal] Asah Pengetahuan Kamu dengan Latihan Soal,https://app.ruangguru.com/banksoal,Dicatat saja — interactive/app/folder/contact resource; URL captured without downloading,listed_only,false
BAC 12 SMA,04-bac-12-sma,brain-academy-center,12,Link Aplikasi Belajar Brain Academy,⚡Tes Minat Bakat,https://app.ruangguru.com/tmb,Dicatat saja — interactive/app/folder/contact resource; URL captured without downloading,listed_only,false
BAC 12 SMA,04-bac-12-sma,brain-academy-center,13,[Kurmer] Course Plan - BAC,📕 [Kurikulum Merdeka] Course Plan - 12 SMA Premium,https://drive.google.com/drive/folders/1pmbLe3QegyPHkmGsasWs5O0pDveiM-vY,Dicatat saja — interactive/app/folder/contact resource; URL captured without downloading,listed_only,false
BAC 12 SMA,04-bac-12-sma,brain-academy-center,14,[Kurmer] Course Plan - BAC,📘 [Kurikulum Merdeka] Course Plan - 12 SMA Regular,https://drive.google.com/drive/folders/1uiWR4tZQZ1uGSbXzp-hhhyLt9fH7SSdc,Dicatat saja — interactive/app/folder/contact resource; URL captured without downloading,listed_only,false
BAC 12 SMA,04-bac-12-sma,brain-academy-center,15,[Kurmer] Course Plan - BAC,📗 [Kurikulum Merdeka] Course Plan - 12 SMA - Lite 3 Sesi,https://drive.google.com/drive/folders/1NqCTsB82ccPQ_0g73Ck5TLSJ0zZbe1S1,Dicatat saja — interactive/app/folder/contact resource; URL captured without downloading,listed_only,false
BAC 12 SMA,04-bac-12-sma,brain-academy-center,16,[Kurmer] Course Plan - BAC,📗 [Kurikulum Merdeka] Course Plan - 12 SMA - Lite 2 Sesi,https://drive.google.com/drive/folders/1CaO5JQJBNm3Xps9xTbQradpU8CwDRPZs,Dicatat saja — interactive/app/folder/contact resource; URL captured without downloading,listed_only,false
BAC 12 SMA,04-bac-12-sma,brain-academy-center,17,[K13 IPA] Course Plan - BAC,📕 [K13] Course Plan - 12 SMA IPA Premium,https://drive.google.com/drive/folders/1YcOJhVfuLQsmjoXzYjQKuZ1_X3jZEE74?usp=drive_link,Dicatat saja — interactive/app/folder/contact resource; URL captured without downloading,listed_only,false
BAC 12 SMA,04-bac-12-sma,brain-academy-center,18,[K13 IPA] Course Plan - BAC,📘 [K13] Course Plan - 12 SMA IPA Regular,https://drive.google.com/drive/folders/1xWwUY4az1Y4TL9sgK1a7_a2tPOt8bNcO?usp=drive_link,Dicatat saja — interactive/app/folder/contact resource; URL captured without downloading,listed_only,false
BAC 12 SMA,04-bac-12-sma,brain-academy-center,19,[K13 IPA] Course Plan - BAC,📗 [K13] Course Plan - 12 SMA IPA - Lite 3 Sesi,https://drive.google.com/drive/folders/1KagJPoWb0zodlCm-fDTnV7yMK6xQ4FSH?usp=drive_link,Dicatat saja — interactive/app/folder/contact resource; URL captured without downloading,listed_only,false
BAC 12 SMA,04-bac-12-sma,brain-academy-center,20,[K13 IPA] Course Plan - BAC,📗 [K13] Course Plan - 12 SMA IPA - Lite 2 Sesi,https://drive.google.com/drive/folders/1QfvCEMTSCYORTU1VZhvCS5N4vl29uPxc?usp=drive_link,Dicatat saja — interactive/app/folder/contact resource; URL captured without downloading,listed_only,false
BAC 12 SMA,04-bac-12-sma,brain-academy-center,21,[K13 IPS] Course Plan - BAC,📕 [K13] Course Plan - 12 SMA IPS Premium,https://drive.google.com/drive/folders/1WsE2VkR91l1pD5IsKFLZ8KTIgFUgA0c6?usp=drive_link,Dicatat saja — interactive/app/folder/contact resource; URL captured without downloading,listed_only,false
BAC 12 SMA,04-bac-12-sma,brain-academy-center,22,[K13 IPS] Course Plan - BAC,📘 [K13] Course Plan - 12 SMA IPS Regular,https://drive.google.com/drive/folders/1XTia_EWJ7WmZ3s6_pAVsBfUWJD9An8pc?usp=drive_link,Dicatat saja — interactive/app/folder/contact resource; URL captured without downloading,listed_only,false
BAC 12 SMA,04-bac-12-sma,brain-academy-center,23,[K13 IPS] Course Plan - BAC,📗 [K13] Course Plan - 12 SMA IPS - Lite 3 Sesi,https://drive.google.com/drive/folders/16zVGdrQWWQkTLik1fhLjo9bMnyt2nI4R?usp=drive_link,Dicatat saja — interactive/app/folder/contact resource; URL captured without downloading,listed_only,false
BAC 12 SMA,04-bac-12-sma,brain-academy-center,24,[K13 IPS] Course Plan - BAC,📗 [K13] Course Plan - 12 SMA IPS - Lite 2 Sesi,https://drive.google.com/drive/folders/1nHecO80Eb5_5aV1WighQec7XW6kBZhsc?usp=drive_link,Dicatat saja — interactive/app/folder/contact resource; URL captured without downloading,listed_only,false
Math Champs,05-math-champs,math-champs,1,Guideline Math Champs Online,Guideline Math Champs Online - Singapore Math,https://drive.google.com/file/d/1FU6kLYF8pMUvM5mps5rABdsg0KixoWFV/view?usp=sharing,Terekstrak,verified_extracted,true
Math Champs,05-math-champs,math-champs,2,Guideline Math Champs Online,Guideline Math Champs Online - Sempoa,https://drive.google.com/file/d/1j0_F0DTyhMQrMUv5cmjTWAn-LIhLYCc-/view?usp=sharing,Terekstrak,verified_extracted,true
Math Champs,05-math-champs,math-champs,3,Guideline Math Champs Offline,Guideline Math Champs Offline - Singapore Math,https://drive.google.com/file/d/1_dI0I-Np2h5Okdz1I2CV24ZAl8DEAm5p/view?usp=sharing,Terekstrak,verified_extracted,true
Math Champs,05-math-champs,math-champs,4,Guideline Math Champs Offline,Guideline Math Champs Offline - Sempoa,https://drive.google.com/file/d/1DmNf-Kd12QmQid5-sYI3BXCZDE6tsOMA/view?usp=sharing,Terekstrak,verified_extracted,true
Math Champs,05-math-champs,math-champs,5,Survey dan Profiling,Form Student Profiling Math Champs,https://bit.ly/profillingmathchamps,Dicatat saja — interactive/app/folder/contact resource; URL captured without downloading,listed_only,false
Math Champs,05-math-champs,math-champs,6,Survey dan Profiling,Form NPS Mathchamps,https://bit.ly/npsmathchamps,Dicatat saja — interactive/app/folder/contact resource; URL captured without downloading,listed_only,false
Math Champs,05-math-champs,math-champs,7,Form Presensi Ketidakhadiran,Form Ketidakhadiran Siswa Math Champs,https://tinyurl.com/presensimathchamps,Dicatat saja — interactive/app/folder/contact resource; URL captured without downloading,listed_only,false
Math Champs,05-math-champs,math-champs,8,Kontak,WhatsApp Student Advisor Math Champs,https://wa.me/6285183212653,Dicatat saja — interactive/app/folder/contact resource; URL captured without downloading,listed_only,false
Brain Academy Online,06-brain-academy-online,brain-academy-online,1,Wajib diisi!,Profiling Siswa [Wajib Diisi],https://form.ruangguru.com/form?rewardFormSerial=BASURV91120&utm_medium=student+advisor&utm_source=whatsapp&utm_campaign=profiling+siswa+%5Bwajib+diisi%5D,Dicatat saja — interactive/app/folder/contact resource; URL captured without downloading,listed_only,false
Brain Academy Online,06-brain-academy-online,brain-academy-online,2,Informasi Fasilitas,Rencana Pembelajaran (Course Plan 26/27),https://drive.google.com/drive/folders/15WTlCQfmbQtsjD0DZ1IdVWPYmLTLFZOd?usp=sharing&utm_medium=student+advisor&utm_source=whatsapp&utm_campaign=rencana+pembelajaran+%28course+plan+26%2F27%29,Dicatat saja — interactive/app/folder/contact resource; URL captured without downloading,listed_only,false
Brain Academy Online,06-brain-academy-online,brain-academy-online,3,Informasi Fasilitas,Jadwal Belajar Brain Academy Online TA. 2026/2027,https://drive.google.com/file/d/13INCS0C-kAWf-u9mkQusxu6bsXmLkvh3/view?usp=sharing&utm_medium=student+advisor&utm_source=whatsapp&utm_campaign=jadwal+belajar+brain+academy+online+ta.+2026%2F2027,Terekstrak,verified_extracted,true
Brain Academy Online,06-brain-academy-online,brain-academy-online,4,Informasi Fasilitas,Buku Panduan Brain Academy Online,https://drive.google.com/file/d/1sgrgGUd4bFYvZEMuE85cya4rBdBz31p6/view?usp=sharing&utm_medium=student+advisor&utm_source=whatsapp&utm_campaign=buku+panduan+brain+academy+online,"Berhasil dibuka via browser; PDF 29 halaman, teks terbaca",opened_partial,false
Brain Academy Online,06-brain-academy-online,brain-academy-online,5,Konseling Siswa dan Orangtua,Konselor Brain Academy (Kak Amy),https://api.whatsapp.com/send/?phone=6281513042063&text=KONSELING&type=phone_number&app_absent=0&utm_medium=student+advisor&utm_source=whatsapp&utm_campaign=konselor+brain+academy+%28kak+amy%29,Dicatat saja — interactive/app/folder/contact resource; URL captured without downloading,listed_only,false
Brain Academy Online,06-brain-academy-online,brain-academy-online,6,Pembelian Koin Sesi Tutor,Pembelian Koin Sesi Tutor Brain Academy Online,https://bit.ly/koin-sesitutor-baon?utm_medium=student+advisor&utm_source=whatsapp&utm_campaign=pembelian+koin+sesi+tutor+brain+academy+online,Dicatat saja — interactive/app/folder/contact resource; URL captured without downloading,listed_only,false
Brain Academy Online,06-brain-academy-online,brain-academy-online,7,JADWAL TRY OUT STS/SAS,Jadwal Tryout STS-SAS,https://drive.google.com/drive/folders/1yZgouvXnJsLEGZtG9t_NVlcSkDc-X_is?usp=drive_link&utm_medium=student+advisor&utm_source=whatsapp&utm_campaign=jadwal+tryout+sts-sas,Dicatat saja — interactive/app/folder/contact resource; URL captured without downloading,listed_only,false
Brain Academy Online,06-brain-academy-online,brain-academy-online,8,JADWAL TO TKA,Jadwal Tryout TKA SD-SMP,https://drive.google.com/drive/folders/1aHjlTy7Q8M7XBRe_tMfgfK9cVgAdrdKW?usp=drive_link&utm_medium=student+advisor&utm_source=whatsapp&utm_campaign=jadwal+tryout+tka+sd-smp,Dicatat saja — interactive/app/folder/contact resource; URL captured without downloading,listed_only,false
Brain Academy Online,06-brain-academy-online,brain-academy-online,9,JADWAL TO TKA,Jadwal Tryout TKA SMA,https://drive.google.com/drive/folders/1NSEoKCQLkF9RNvRmsPTSvRaMpQQc0BLb?usp=drive_link&utm_medium=student+advisor&utm_source=whatsapp&utm_campaign=jadwal+tryout+tka+sma,Dicatat saja — interactive/app/folder/contact resource; URL captured without downloading,listed_only,false
Brain Academy Online,06-brain-academy-online,brain-academy-online,10,JADWAL TO UTBK,Jadwal TO UTBK,https://drive.google.com/drive/folders/1NvZJb3sM9k1wN5vtDWZjn0txhpT_VEJC?usp=drive_link&utm_medium=student+advisor&utm_source=whatsapp&utm_campaign=jadwal+to+utbk,Dicatat saja — interactive/app/folder/contact resource; URL captured without downloading,listed_only,false
Brain Academy Online,06-brain-academy-online,brain-academy-online,11,Chat Brain Academy Online Support,Chat with Brain Academy Online support,https://wa.me/6287894971092?utm_medium=student+advisor&utm_source=whatsapp&utm_campaign=chat+with+brain+academy+online+support,Dicatat saja — interactive/app/folder/contact resource; URL captured without downloading,listed_only,false
